{"count":1,"gauges":{"FoosRL.CumulativeReward":{"count":14286,"max":2.54994273,"min":-2.45006347,"value":0.157704428,"weightedAverage":-0.215803653}},"self":10825.456844799999,"total":457326.0963094,"children":{"AgentSendState":{"count":8052818,"self":278.8627968,"total":86196.716159099989,"children":{"CollectObservations":{"count":48307809,"self":81.8242368,"total":81.8242357,"children":null},"AgentInfo.ToProto":{"count":24158454,"self":183.8020608,"total":85836.029128,"children":{"GenerateSensorData":{"count":24158454,"self":871.7707264,"total":85652.227065,"children":{"CameraSensor.GetCompressedObservation":{"count":24158454,"self":84780.4563456,"total":84780.4563369,"children":null}}}}}}},"DecideAction":{"count":8052818,"self":360132.5621248,"total":360132.5671926,"children":null},"AgentAct":{"count":8052818,"self":153.37187839999999,"total":171.35513269999998,"children":{"AgentInfo.ToProto":{"count":4830,"self":0.0289892,"total":17.9832564,"children":{"GenerateSensorData":{"count":4830,"self":0.18895599999999999,"total":17.9542672,"children":{"CameraSensor.GetCompressedObservation":{"count":4830,"self":17.765311999999998,"total":17.7653112,"children":null}}}}}}}}}