{"count":1,"gauges":{},"self":6.0509176,"total":6.1060175,"children":{"AgentSendState":{"count":281,"self":0.025125099999999997,"total":0.0371214,"children":{"CollectObservations":{"count":871,"self":0.0119963,"total":0.0119963,"children":null}}},"DecideAction":{"count":281,"self":0.0019375999999999998,"total":0.0019375999999999998,"children":null},"AgentAct":{"count":281,"self":0.013982699999999999,"total":0.013982699999999999,"children":null}}}